,Accuracy,Targeted Accuracy,Cycles per Image
0,0.1402,0.856,28.21284403669725
1,0.1615,0.8765,25.840570846075433
2,0.1028,0.9755,20.82589194699286
3,0.1036,0.9629,22.213047910295614
4,0.1346,0.9147,25.117838939857286
5,0.0878,0.9702,21.608766564729873
6,0.1051,0.8538,26.54138634046891
7,0.1655,0.8107,27.106422018348628
8,0.0969,0.9805,18.65698267074414
9,0.1058,0.955,23.670030581039754
